Customer ID,Name,Age,Gender,Email,Phone,City,Purchase Amount (USD),Review Rating,Category,Signup Date
1,Allison Hill,58,Male,donaldgarcia@example.net,+1-219-560-0133,Robinsonshire,59.77,2.1,Electronics,2024-10-03
2,Abigail Shaffer,26,Male,jpeterson@example.org,001-851-316-1559x40781,Mariastad,1356.63,4.6,Clothing,2026-01-10
3,Benjamin Stanley,55,Female,tracie31@example.com,575-425-5341x928,Grayside,73.25,1.4,Electronics,2024-07-04
4,Sarah Parsons,50,Male,lydiatrujillo@example.com,513-695-3767x242,Hurstfurt,1126.88,3.9,Home,2025-02-10
5,Zachary Hicks,44,Male,camposmichelle@example.org,+1-326-691-6697x8480,Danielchester,903.93,2.1,Clothing,2024-03-30
6,Troy Liu,66,Male,,+1-948-293-2528x8095,West Natashaport,1399.3,2.4,Electronics,2024-08-03
7,Shawn Arroyo,31,Female,dennislisa@example.net,001-822-778-2489x63834,Lammouth,213.4,2.5,Footwear,2024-02-01
8,Austin Smith,72,Female,briannasmith@example.net,+1-403-910-5183x4738,Port Thomas,1211.41,4.2,Accessories,2025-04-21
9,Brent Jordan,52,Male,ujenkins@example.org,+1-610-965-1333x87262,Port Sandra,1946.5,2.5,Home,2025-06-16
10,Savannah Garcia,36,Female,novaksara@example.org,(267)873-6026,Saramouth,1158.93,3.8,Clothing,2024-10-14
11,,60,Male,smoore@example.org,4982050097,Port Jacobland,1548.41,4.9,Electronics,2026-06-11
12,Jennifer David,73,Male,bethwilliams@example.org,(799)385-4353x46247,South Christineshire,766.45,2.8,Footwear,2023-12-31
13,Daniel Baker,28,Female,nicole35@example.com,(378)449-8084,Darrellville,716.99,3.7,Clothing,2025-12-04
14,Douglas Clark,56,Male,james48@example.com,801-264-0052x427,North Sierraberg,1072.94,2.0,Accessories,2025-11-22
15,Jacob Tran,42,Female,tanderson@example.com,4535315869,Port Lisa,1979.15,3.6,Home,2025-04-29
16,Norman Cook,32,,vpham@example.org,521-260-7337x543,South Mark,1687.28,4.1,Electronics,2023-11-13
17,Diana May,70,Male,ifrazier@example.com,8147294019,Samuelhaven,1612.04,2.6,Clothing,2024-01-24
18,Kenneth Scott,31,Female,zsmith@example.net,+1-835-661-5951x48465,East Robert,433.13,3.0,Accessories,2025-03-08
19,Stephanie Gilbert,27,Female,richard04@example.com,969.495.7773,West Zacharymouth,287.86,4.0,Home,2023-12-21
20,Nicole Chambers,34,Female,lindsayhernandez@example.org,979.817.6936,East Diana,1796.67,2.6,Electronics,2023-08-06
21,Shannon Mcclure,26,Female,zrobinson@example.net,870.983.1727x88957,Lake Michelle,190.91,1.2,,2025-06-27
22,David Walsh,27,Male,rsims@example.com,443-545-5812,Bensonborough,1586.24,2.7,Clothing,2023-11-05
23,Gary Owens,42,Female,clarkrobert@example.net,001-509-967-0546x688,West Ryan,1195.82,2.9,Footwear,2023-09-12
24,Michael Yates,80,Male,marycalhoun@example.net,+1-906-499-0162,West Nicholasborough,1363.76,1.5,Home,2025-07-04
25,Philip Gray,66,Female,fking@example.com,5802531003,East David,1539.51,2.4,Footwear,2026-06-02
26,Travis Marshall,45,Male,invalid-email,001-512-341-9049x6631,Melissaville,912.91,4.8,Footwear,2025-12-24
27,Hannah Patterson,80,Male,casey50@example.com,916.857.2628x4987,Marcusbury,1020.29,1.4,Footwear,2023-12-10
28,Jerry Christensen,71,Male,frogers@example.com,(273)554-5494,East Jenniferfort,314.15,4.1,Home,2025-12-07
29,Melissa Brewer,79,Male,bwest@example.org,736-734-9578x8568,Nelsonview,1201.9,3.0,Clothing,2024-07-21
30,Corey Wilson,77,Female,jamesrodgers@example.com,001-498-694-1343x5240,North Angelaberg,1758.66,4.3,Footwear,2026-04-14
31,Katherine Salas,33,Male,abc@,2474116719,Port Anna,489.33,3.3,Clothing,2024-11-11
32,David Grant,23,Female,yobrien@example.net,286.377.4964,Lake Jason,1633.89,4.9,Home,2026-05-19
33,David Arnold,67,Male,aaronhayes@example.net,340.534.4713x4936,West Margaret,265.5,2.9,Home,2023-11-16
34,Ricky Larson,28,Female,scott74@example.net,(248)387-7190x6594,Lake Mary,1060.07,3.4,Electronics,2026-01-07
35,Alicia Hubbard,77,Male,barbara27@example.net,+1-374-429-6717x5655,Robertfort,1428.77,2.6,Footwear,2024-10-18
36,Jennifer Hodges,46,Female,gibsonleonard@example.com,768-908-7603,Wolfborough,250.8,1.9,Footwear,wrong-date
37,Tanya Kim,19,Male,omartinez@example.net,324.980.8613,Lake Marilynfort,1181.0,1.0,Clothing,2024-10-24
38,Denise Davenport,32,Male,jsanchez@example.org,(639)982-1465x8404,South Amanda,1811.79,4.4,Clothing,2025-01-15
39,Phillip Bennett,50,Male,molly39@example.com,260.457.6627,Mollymouth,564.17,2.9,Home,2023-12-30
40,Joyce Bowen,26,Female,jpitts@example.org,345.596.1586x5780,Wendyland,493.56,2.9,Accessories,2025-06-02
41,Paige Padilla,150,Male,wallaceheather@example.org,8504455623,East Christian,202.89,2.7,Accessories,2025-03-14
42,Cynthia Durham,44,Female,jesselittle@example.com,607-948-2175x946,Jamesfurt,1729.04,1.2,Clothing,2025-08-17
43,James Howard,21,Female,victoria40@example.net,(640)490-9743x9533,Lake Debbieport,1459.15,4.2,Clothing,2025-06-12
44,Jacob Anderson,33,Male,mark62@example.org,(685)788-4247,South Sydneyberg,388.52,2.8,Accessories,2024-07-13
45,Misty Whitney,29,Female,christopher60@example.com,+1-517-954-9651,New Nicoleside,930.63,4.5,Clothing,2024-12-19
46,Connie Brown,-5,Male,tblankenship@example.net,(712)800-4711x38267,South Diana,110.67,5.0,Clothing,2025-08-27
47,Teresa Ramirez,80,Male,jeff73@example.com,958-350-6431,Lake Danielle,1853.47,4.4,Electronics,2023-08-31
48,Gavin Zhang,44,Female,caseyhubbard@example.org,001-433-652-9042,North Donna,967.9,4.5,Clothing,2023-09-07
49,Hunter Kramer,28,Female,alfred40@example.org,001-568-211-7758x9178,Stephentown,14.29,2.6,Accessories,2023-10-31
50,Dr. Jessica Rodriguez DDS,36,Female,fjones@example.com,+1-621-924-9985x698,Garciaville,1396.22,3.9,Home,2026-05-11
51,Patricia Le,60,Female,russellbeasley@example.com,376-361-5654x52711,Davisstad,-500.0,2.2,Clothing,2024-02-16
52,Laurie Hoffman,55,Male,elizabeth65@example.net,001-360-749-4519x83273,Dannyview,1498.47,1.2,Home,2026-01-05
53,Jeffrey Hoffman,48,Male,lynchdiane@example.net,302-444-5502x296,North Julieborough,123.19,3.0,Electronics,2025-03-04
54,Glen Wood,22,Male,kimberly99@example.org,9229901476,Nelsonhaven,1353.67,1.9,Clothing,2024-01-21
55,Brian Gregory,78,Male,trose@example.org,669.600.3432,Davidfort,1162.05,1.2,Clothing,2025-05-27
56,James Padilla,44,Female,charles06@example.org,715.496.9664x160,Collierstad,1870.07,7.0,Footwear,2023-12-12
57,Brian Graham,33,Female,zwarren@example.com,001-453-552-1818x8355,East Jonathanburgh,797.61,3.7,Footwear,2026-02-18
58,Peter Jones,47,Female,kmarshall@example.net,299.755.2717x744,West Steventon,1858.75,4.7,Clothing,2023-10-25
59,Dustin Newman,47,Male,gilbertwilliam@example.com,001-480-279-3597,Garciamouth,155.79,1.9,Footwear,2023-12-07
60,Carrie Wright,26,Female,hritter@example.net,+1-725-354-6659x051,Mitchellberg,1762.92,4.5,Footwear,2024-12-27
61,Matthew Rangel,36,Male,tammy62@example.net,001-214-786-5281x685,Henryborough,881.99,3.2,Footwear,2025-01-09
62,Katelyn Perez,57,Male,ericphillips@example.org,988.205.9296x22292,Diazbury,1339.05,3.2,Clothing,2025-06-18
63,Nicole Bowers,78,Male,amandacollins@example.com,859.477.4688,Port Cassandra,536.29,4.6,Home,2024-08-20
64,John Watson,27,Female,dawsonzachary@example.org,812-247-8261x3750,Shawbury,570.69,1.8,Footwear,2025-03-19
65,Jade Johnson DVM,31,Female,lacey20@example.com,827.379.0104x3289,Johnville,1015.76,2.0,Clothing,2023-10-11
66,Mark Dean,23,Female,rodriguezrebecca@example.net,+1-708-593-2460,Lopezland,1660.4,1.2,Footwear,2025-10-19
67,Andrea Fox,67,Male,myerstheodore@example.net,(754)705-1531x9520,Port Kimberly,1277.86,2.0,Accessories,2025-07-19
68,Mrs. Catherine Taylor,53,Female,mjohnson@example.org,205.548.6874,Michaelton,1126.2,1.4,Electronics,2026-05-12
69,Caleb Richardson,52,Male,ypaul@example.com,(877)458-4161,Manuelland,1670.84,3.3,Electronics,2024-12-19
70,Elizabeth Morrison,45,Male,cjackson@example.com,205.496.4016x582,Johnsonland,93.24,2.5,Clothing,2024-07-29
71,Holly Reyes,75,Female,jacobserika@example.com,(271)492-8565x431,Holmesside,428.05,2.0,Clothing,2024-01-27
72,David Griffin,40,Female,heather73@example.org,(617)627-1551,Lake Jenna,1947.94,4.0,Electronics,2026-07-20
73,Rebecca Hicks,73,Male,gallowaylaura@example.org,805.989.5782x9114,Hammondshire,1952.65,4.2,Accessories,2023-11-20
74,Evan Jones,19,Male,wfrazier@example.org,001-789-522-6801x82422,Staceyhaven,1475.76,2.3,Accessories,2024-10-12
75,Danielle Reid,69,Male,david49@example.net,782-299-2299,North Brandonshire,540.94,4.1,Clothing,2024-09-12
76,Pamela Butler,42,Male,jimenezcourtney@example.com,+1-947-536-4710x2767,Catherinemouth,1718.6,1.9,Accessories,2024-12-06
77,Shannon Hester,40,Female,kathleenrobertson@example.org,537-414-7321x04696,Sarahmouth,1642.87,4.5,Electronics,2024-05-18
78,Kathleen Robertson,19,Male,fkoch@example.org,268-673-3950,Harperfort,802.95,2.1,Clothing,2024-10-14
79,Sarah Jordan,79,Female,jessica65@example.org,(609)383-5841x6878,North Phillip,708.78,3.0,Home,2025-01-05
80,Holly Thomas,39,Male,cporter@example.org,(757)787-2982,South Vicki,239.53,4.9,Electronics,2024-11-04
81,Katie Hicks,55,Female,terickson@example.com,9556169409,Lake Brett,86.13,3.4,Footwear,2025-08-13
82,Mark Harvey,64,Female,rhernandez@example.org,8915307562,Shawfort,878.42,4.9,Clothing,2023-11-02
83,Kelly Hoffman,42,Male,ufox@example.org,685.585.4973x348,Kellieborough,516.9,3.8,Clothing,2026-07-05
84,Emily Bailey,51,Male,keith98@example.com,(652)640-4157x4733,North Christina,734.8,1.3,Footwear,2026-01-25
85,Anthony Stein,57,Female,danawilliams@example.com,271-320-8267x73454,New Joanne,1330.14,1.5,Footwear,2023-09-24
86,Carrie Khan,50,Female,sarahjohnson@example.com,924.400.4991x5478,Nelsonville,1337.12,2.3,Footwear,2024-12-23
87,Jimmy Scott,53,Male,alexisrogers@example.com,001-832-396-6851,East Thomas,391.76,3.7,Accessories,2024-08-17
88,James Griffin,61,Male,stephanie49@example.net,001-404-853-0174,Hannahport,1234.87,2.2,Home,2025-02-18
89,Colleen Anderson,71,Male,spencerzhang@example.com,(387)283-3918x78519,New Amanda,614.71,1.8,Home,2024-04-09
90,Joseph Wilson,56,Female,jenniferburns@example.net,207.828.6790x874,Lisaborough,935.33,2.8,Electronics,2026-01-12
91,Jeff Graves,50,Female,michaelcesar@example.com,8468226567,Lake Tamaraside,1589.53,4.8,Electronics,2024-02-20
92,Hannah White,60,Male,urice@example.org,5049786863,Ericborough,574.73,3.7,Home,2024-01-20
93,Matthew Mendez,39,Male,allencarlos@example.net,5792030673,New Victoria,1638.66,4.0,Footwear,2024-07-26
94,Monique Flores,32,Male,joel28@example.org,(744)808-9268x70568,Hernandezfurt,303.23,1.2,Accessories,2024-05-09
95,Kara Atkinson,57,Male,meredith27@example.org,+1-566-788-2634,South Melanieland,916.28,4.5,Home,2025-11-07
96,Cheryl Adams,30,Female,russojacob@example.net,001-583-873-5403x3173,New Marc,993.81,2.0,Clothing,2024-10-10
97,Joseph Howard,75,Male,michael77@example.org,001-875-635-5609x3204,East Mark,1559.06,1.9,Home,2025-03-10
98,Danielle Pierce,47,Male,jonathan77@example.com,(252)328-7280,Port Adamberg,1119.24,4.7,Clothing,2026-04-03
99,Michael Smith,47,Male,nbrooks@example.net,+1-697-270-0886x00848,Drakeburgh,1604.82,3.7,Home,2024-01-11
100,Kelly Allen,56,Female,lisa46@example.org,(867)993-3410x166,Lake Albertburgh,1900.58,4.6,Home,2023-12-04
101,Mr. Richard Knight PhD,70,Female,jacobsonsamantha@example.org,297.440.1489,Alexisborough,1662.83,3.2,Electronics,2026-01-25
102,Robert Nicholson,65,Female,evansanne@example.net,(785)862-1850x1631,Anthonyview,905.64,4.0,Footwear,2025-06-27
103,Henry Pugh MD,67,Female,nmiller@example.com,711.342.6265,North Sherrymouth,1257.23,2.1,Clothing,2025-02-07
104,Ashley Miller,63,Female,jcole@example.net,(810)315-8199x56046,New Adriana,476.64,2.3,Home,2026-06-27
105,Charles Turner,23,Male,kthomas@example.com,964-371-5437x993,West Adam,310.15,2.5,Electronics,2025-04-03
106,Manuel Brock,63,Male,scott69@example.org,759-837-5265x4793,Lisafurt,137.82,2.6,Home,2025-02-15
107,Justin Vargas,47,Female,erinpierce@example.net,837.841.6724x342,South Vickifort,133.91,4.3,Accessories,2026-01-18
108,Jonathon Knapp,75,Male,ystephens@example.com,001-789-811-3529x096,North Coreybury,1714.9,4.1,Accessories,2025-09-29
109,Kristin Watts,48,Male,seanmyers@example.net,001-382-350-7146,West Larry,1886.06,2.2,Accessories,2025-07-05
110,Kelly Bailey,72,Female,kimheather@example.com,440-410-5123,Anitamouth,1081.06,3.9,Home,2024-07-23
111,Lori Lopez,75,Male,vfoster@example.net,379.366.0334,West Mark,981.58,2.1,Accessories,2025-07-08
112,Michael Burns,19,Female,candice96@example.net,355-479-2499,Davidport,678.9,3.7,Accessories,2024-01-26
113,Michael Dixon,64,Male,kcarlson@example.com,(227)782-8274x22579,South Derrickfurt,1682.61,4.7,Home,2025-12-17
114,Kathleen Cohen,52,Male,cmckinney@example.com,(619)403-4043,Cunninghamfort,1814.79,3.4,Clothing,2025-11-28
115,Laura Adams,23,Female,amber07@example.net,361.934.0745,Port Lisaborough,280.04,2.8,Clothing,2026-01-27
116,Shannon Bishop,34,Female,imartin@example.org,709.658.4982,Ashleyhaven,661.43,2.8,Footwear,2026-06-18
117,Brandy Brady,66,Female,rsellers@example.net,(623)825-3672,Hayesland,563.73,4.8,Accessories,2025-04-14
118,Diana Mayer,34,Male,shawn75@example.net,5179518636,Marcusport,945.91,4.0,Clothing,2025-01-03
119,Bianca Phelps,78,Female,patricia00@example.org,+1-670-312-7706x3242,Johnstad,456.2,1.3,Clothing,2026-05-26
120,Carol Sanders,66,Male,jessica36@example.net,910-237-1293,Lake Matthewville,1899.73,1.8,Clothing,2025-05-15
121,Karen Perez,57,Male,crosscurtis@example.com,(942)762-2189x092,Lake Kaitlin,484.7,2.9,Clothing,2025-04-28
122,Jessica Robinson,54,Male,taylordavid@example.net,(656)252-3413x8999,Jamiehaven,935.42,2.0,Footwear,2024-05-17
123,Elizabeth Brown,28,Male,troyrodriguez@example.com,+1-491-980-5526x9658,North Brendatown,1557.81,1.7,Footwear,2024-09-08
124,Thomas Fry,24,Male,ohunter@example.net,566.461.8892x41418,Peterland,1858.49,3.3,Accessories,2024-11-21
125,Monica Mathis,43,Male,sanchezsandy@example.org,799.604.2102x027,West David,161.23,3.8,Electronics,2024-09-18
126,Bailey Yoder,24,Female,lindsay48@example.org,491-677-8507x925,New Emilyville,1702.08,3.4,Clothing,2024-07-17
127,April Trevino,68,Male,sanchezthomas@example.com,(720)686-3536,New Nathanhaven,700.94,2.7,Footwear,2026-06-08
128,Cassie Brock,22,Female,finleycasey@example.com,545-918-7053x4949,Brittanyfort,35.18,2.7,Accessories,2024-05-27
129,Kimberly Flynn,24,Female,adamortiz@example.org,+1-550-850-6413,Woodwardberg,1921.97,3.5,Accessories,2024-10-05
130,Thomas Merritt,63,Male,xhaynes@example.com,001-519-618-2619x9062,Melissafurt,876.62,3.9,Footwear,2026-07-21
131,Erika Chavez,57,Female,charlesharris@example.net,721-527-7561,Parkerview,935.1,4.3,Home,2024-01-31
132,Robert Torres,35,Female,lewismelissa@example.org,235-868-0442,Hawkinsside,1704.91,4.3,Clothing,2024-08-20
133,Brian Leon,35,Female,smithmaria@example.org,(236)351-9941,Lake Scott,495.29,2.9,Home,2024-02-14
134,Ryan Lamb,60,Female,williamssteven@example.org,001-566-470-6625,Joshuaberg,679.43,3.0,Footwear,2023-09-20
135,Lisa Holland,29,Female,jjenkins@example.com,2148626383,Timothyfort,432.12,4.2,Footwear,2025-01-13
136,Kathryn Price,35,Female,anthonyharper@example.org,001-240-578-5932x13348,Kellyburgh,1116.02,3.1,Electronics,2024-04-27
137,Evan Rojas,23,Male,robin05@example.net,001-229-337-8427,East Carolyntown,1442.95,3.0,Electronics,2025-10-23
138,Gary Mendez,62,Female,matthewthompson@example.com,7028921851,West Kevinberg,1295.35,3.0,Clothing,2024-03-29
139,Jessica Fowler,23,Female,lbanks@example.net,+1-495-439-2644,Lake Stacyfurt,450.98,3.8,Footwear,2025-12-26
140,Lance Mccall,60,Female,daniellegarcia@example.com,(951)235-5215,Jasonland,951.79,3.1,Accessories,2025-01-23
141,Brian Smith,65,Female,akim@example.org,(676)258-6179x32710,Joseville,710.1,2.8,Footwear,2023-11-21
142,Stephen Martin,34,Male,paynerachael@example.org,599-870-6296x20153,Donnaport,250.11,1.8,Clothing,2024-08-01
143,James Dunn,65,Male,xhernandez@example.org,(614)897-3103x24171,Burnsview,391.17,4.0,Footwear,2023-12-17
144,Jasmine Watson,64,Female,cwood@example.org,877-543-4902x115,Port Paulhaven,1961.22,4.3,Footwear,2025-05-09
145,Melissa Mayer,32,Female,thomasmiller@example.net,4894899217,Port James,367.09,1.1,Home,2023-10-03
146,William Graham,26,Female,maryscott@example.net,916-286-8548,Rodriguezberg,100.58,1.2,Footwear,2024-03-15
147,Lauren Hanna,62,Male,buckleyanna@example.org,885-464-6799x7024,Williamsmouth,1279.36,4.0,Clothing,2026-07-05
148,Patrick Mccall,73,Male,andrew44@example.com,513.824.7546x9137,Malonestad,1152.39,2.9,Accessories,2023-10-24
149,Caitlin Collins,39,Male,htaylor@example.net,7235303070,Michealmouth,1931.34,2.0,Accessories,2025-09-20
150,Thomas Maldonado,25,Male,nathanwheeler@example.org,598.555.2414x0602,Lake Jamie,807.41,1.3,Clothing,2026-05-06
151,Alejandro Deleon,27,Male,wellsdavid@example.org,+1-503-949-4466x574,Ericafurt,1624.17,4.8,Clothing,2026-01-21
152,Jorge Bates,33,Male,anna99@example.com,517-215-4544x4328,Guerreroberg,1120.57,2.7,Home,2023-09-06
153,Yolanda Green,68,Male,vsullivan@example.org,001-693-453-8758,West Connor,1553.63,2.5,Accessories,2024-02-12
154,Molly Hansen,37,Female,staceylam@example.net,635-934-6554,South Brianshire,617.71,3.5,Home,2026-01-15
155,Andrea Preston,79,Male,dillonpatrick@example.com,(702)423-5697x25217,Cynthiatown,1895.7,1.8,Electronics,2025-06-30
156,Philip Jackson,34,Male,tracygallagher@example.org,(296)566-6760,Stephaniemouth,322.54,1.7,Clothing,2025-10-30
157,Michael Sims,28,Male,jeremywiley@example.com,(616)689-4210,Lunahaven,822.95,3.8,Accessories,2025-01-03
158,Michael Anderson,36,Male,mhoward@example.org,(803)632-3098x2150,New Virginiaville,470.64,3.8,Accessories,2026-05-09
159,Amber Wilson,22,Male,jjames@example.com,323.304.6184x9926,Danielville,1848.58,4.2,Home,2025-09-09
160,Curtis Baker,60,Male,michaelortiz@example.org,3873375300,Hernandezland,856.03,3.2,Electronics,2025-09-30
161,Nathaniel Conway,76,Female,stephenmadden@example.com,201.420.4556x110,West Michael,1655.0,1.3,Electronics,2025-06-07
162,Debra Quinn,68,Female,lisa21@example.com,(974)967-6212x0216,New Noah,1194.14,4.3,Footwear,2025-02-05
163,Shari Hobbs,46,Male,timothyfreeman@example.com,301.845.0899x358,South Michael,942.71,2.2,Accessories,2026-06-13
164,Brittany Serrano,78,Female,smithsarah@example.net,872.817.5354x0838,North Stephen,1005.94,3.0,Clothing,2026-01-04
165,Scott West,56,Male,hooperjulie@example.org,666-508-8019,Clementsstad,1779.95,3.9,Home,2023-10-21
166,Sarah Rivera,34,Male,xmoran@example.net,211.430.5548x851,Taylorchester,191.74,4.8,Home,2024-01-11
167,Craig Martinez,55,Male,ylewis@example.org,001-951-260-9177x982,New Savannahshire,1999.15,3.7,Footwear,2025-08-17
168,Priscilla Kent,54,Male,jessicaanderson@example.com,+1-499-458-6693x46547,Morrisonhaven,1528.59,1.7,Home,2024-11-04
169,Kimberly Edwards,59,Female,jamesweber@example.com,+1-652-828-8515x87996,New Danielfurt,1832.98,1.7,Home,2024-03-10
170,Anthony Adams,45,Female,tonyavega@example.org,5438805719,New Kristen,1938.42,2.9,Accessories,2026-07-14
171,Matthew House,39,Female,ybutler@example.net,580-604-3973x59893,Thompsonland,1343.57,4.4,Footwear,2024-05-14
172,Nancy Wilson,44,Female,pattersonangela@example.org,(794)205-7202,Tracyshire,583.55,4.8,Home,2025-11-29
173,Richard Stewart,20,Female,susanmeyer@example.net,(768)786-1533,Kellyhaven,185.24,2.0,Clothing,2025-08-04
174,Samantha Zavala MD,80,Female,sean99@example.org,7569164840,Williamsborough,1731.17,4.3,Clothing,2024-12-07
175,Tiffany Jackson,60,Female,simsjason@example.net,001-336-213-8612x07501,Port Johnathan,832.36,1.8,Footwear,2023-11-15
176,Crystal Green,57,Female,zhayes@example.com,606-618-0919x01581,West Kathymouth,1254.56,4.0,Electronics,2025-03-12
177,Matthew Wells,35,Male,derekmyers@example.net,824-350-8821x0099,Jasonstad,1856.07,2.8,Accessories,2024-06-21
178,Matthew Hunt,25,Male,jackjensen@example.com,612.390.8781,Coreyshire,1946.56,3.4,Electronics,2025-08-23
179,Heather Lambert,63,Male,craigharvey@example.org,277-759-4929x95562,Port Jeffrey,628.39,1.1,Accessories,2026-04-19
180,Ryan Taylor,23,Male,natalie77@example.com,001-347-281-2914x28341,Port Bonniefurt,1984.59,4.7,Accessories,2026-01-30
181,Andrew Green,78,Male,jvaldez@example.com,(539)442-7881x6580,South Erik,1298.94,1.6,Footwear,2025-12-24
182,Mary Faulkner,50,Female,ccrosby@example.org,001-273-214-5303x85677,Dakotahaven,836.83,2.9,Accessories,2026-04-08
183,Sandy Baker,33,Female,nicholasgray@example.net,+1-218-446-3865x5779,Martinland,1107.02,2.5,Home,2025-10-05
184,Christine Lopez,50,Male,carolyn13@example.com,417-477-3926x03029,New Dylanburgh,1729.41,2.1,Accessories,2024-09-02
185,Kellie Sullivan,39,Female,johnsjessica@example.com,437-497-7236,Garymouth,1642.89,2.1,Footwear,2025-07-02
186,Andrea Gray,71,Female,danielharris@example.net,+1-962-491-2799x08811,Port Erikachester,1731.87,2.8,Accessories,2025-10-16
187,Shaun Wolfe,40,Female,zperez@example.com,001-865-699-1624x73149,North Jenna,1108.32,3.2,Accessories,2023-08-09
188,Autumn Smith,77,Female,gwendolynstewart@example.com,726-694-4869,Fischerchester,1740.51,4.9,Electronics,2025-12-02
189,Karen Wood,54,Female,tking@example.net,(262)413-7213x865,Oconnelltown,474.79,4.1,Clothing,2023-12-17
190,Kaitlyn Burke,38,Female,brownjeffrey@example.org,+1-206-569-8490x277,Jameshaven,1413.4,4.2,Accessories,2025-10-07
191,Lisa Craig,60,Male,john02@example.org,665-766-9380x118,Sylviaview,995.7,1.1,Home,2024-07-14
192,Cheyenne Spears,79,Female,greenrichard@example.org,+1-618-945-1848,Hartbury,1740.7,4.5,Accessories,2025-01-06
193,Judy Murray,24,Female,olsonjonathan@example.com,+1-833-756-5880x4341,New Sarahfort,40.54,1.6,Electronics,2024-11-27
194,Steven Adams,22,Female,victorgonzalez@example.net,343.333.3952,Lake Stephaniefort,1565.24,2.1,Home,2026-03-08
195,Scott Rubio,62,Female,uwatson@example.com,001-447-228-4639,Mendozaside,1303.17,4.4,Home,2023-09-17
196,Jennifer Parks,42,Female,stephenmartinez@example.net,450.603.6915x594,West Thomas,1257.33,4.5,Accessories,2026-03-07
197,Clinton Coleman,73,Male,xhaynes@example.com,(847)529-2931x4386,Port Susan,1238.74,1.9,Footwear,2024-03-17
198,Adam Fisher,32,Male,wendyatkinson@example.net,+1-357-444-8906,East Lisafort,873.6,1.4,Clothing,2026-04-02
199,Patrick Green,46,Male,ann45@example.org,(915)393-9982x45587,Austinmouth,1391.06,4.6,Clothing,2026-04-05
200,Sheena Davidson,38,Male,robert99@example.com,812-653-5544,Normanstad,593.8,2.5,Electronics,2026-01-25
201,Joanna Jackson,33,Female,martinezjimmy@example.com,001-313-326-1117x8006,Christineland,1136.2,4.2,Electronics,2026-05-11
202,Jean Perez,29,Male,scott22@example.net,(900)455-7784,New Carla,1222.89,2.5,Electronics,2026-04-04
203,Sherry Graham,49,Male,regina78@example.org,274-456-4240,Justinside,472.06,3.6,Accessories,2023-08-10
204,Katherine Campos,34,Male,albert64@example.net,508.453.6866,Claytonbury,1798.83,2.9,Footwear,2024-09-09
205,Mario Black,61,Male,justin84@example.com,612.924.1797,West Andrew,156.99,4.8,Home,2023-10-14
206,Alison Compton,37,Female,joseph70@example.org,720-973-5647,West Christopherberg,1383.72,2.8,Footwear,2023-10-24
207,James Daniels,30,Female,jamesskinner@example.com,3135673037,Priceport,1708.14,1.4,Accessories,2024-12-11
208,Nicholas Garner,54,Female,kingdanielle@example.org,(803)513-6502x491,North Biancafort,1153.88,5.0,Footwear,2026-07-02
209,Jacqueline Davis,19,Female,vincentparks@example.com,001-500-252-8127x35857,Howardberg,556.22,3.3,Clothing,2024-08-21
210,Karina Kim,76,Female,amy73@example.net,(385)457-4982,Phillipsview,1667.35,4.6,Electronics,2025-11-16
211,Aaron Little,56,Female,bgross@example.net,(693)751-8638x782,Davidsonville,445.82,1.8,Footwear,2023-12-25
212,Andrea Conley,61,Male,gregoryjohnson@example.org,531.309.6789x9405,East Dianaland,1260.21,4.6,Clothing,2025-07-25
213,Amy Grant,37,Female,yshort@example.net,3943801413,New Paul,76.4,2.5,Electronics,2024-05-24
214,Danielle Garrett,23,Female,angelagrant@example.net,895-776-1228,New Yesenia,660.17,2.7,Electronics,2025-06-16
215,Stephanie Pierce,26,Female,megan66@example.net,293-698-3684x57760,New Derekport,1066.4,4.7,Electronics,2023-08-08
216,Daniel Foley,34,Female,ingramsherry@example.com,+1-788-499-2107,West Michael,1935.09,2.2,Footwear,2026-01-18
217,David Evans,69,Male,ncarroll@example.net,257-827-9194,Port Brianmouth,941.98,1.3,Electronics,2025-01-19
218,Jessica Conrad,73,Female,kanejeremy@example.net,+1-506-404-8058x925,Lake Jessicafurt,1934.87,4.2,Footwear,2025-06-20
219,Laura Davis,23,Female,zroberts@example.org,(351)879-0864,Ayalaberg,37.7,3.1,Accessories,2024-02-23
220,Mr. James Duncan,41,Female,johnadams@example.com,491-716-6553x55904,Hansonmouth,1173.27,4.3,Footwear,2023-10-06
221,Cynthia Jennings,24,Male,katherinefarrell@example.org,001-703-592-4051x4770,East Amy,948.24,3.5,Home,2024-09-02
222,Lisa Gay,38,Male,bennettrebecca@example.net,9422043940,South Donnastad,1298.83,3.5,Accessories,2024-01-12
223,Sean Banks,76,Female,tinaromero@example.net,957-298-1238,East Sandraport,1301.99,1.5,Clothing,2024-12-28
224,Patrick Smith DDS,78,Male,colleen38@example.com,8464084325,Lake Patrickbury,615.69,3.0,Clothing,2025-05-07
225,Christian Waller,33,Male,shane23@example.net,(498)432-4826,Carlosside,783.41,2.5,Home,2024-01-28
226,Ryan Thomas,44,Male,cannonnicole@example.com,(547)542-3122x09949,Lake Anthony,1771.97,3.6,Accessories,2023-11-29
227,Karen Shaw,57,Female,xjoseph@example.org,(577)522-3306x0463,East Saramouth,1878.72,2.1,Footwear,2026-03-13
228,Frederick Ellis II,31,Female,mparsons@example.net,(256)599-9880x8177,Terrellton,894.94,1.9,Footwear,2025-12-11
229,Phillip Estes,24,Female,kellysanders@example.com,001-347-426-4908x27718,South Robert,1093.49,4.9,Footwear,2025-06-28
230,Jesse Mosley,21,Female,nicoledavis@example.com,001-421-811-7518x689,Williamsburgh,559.0,4.9,Accessories,2024-12-30
231,Mary Hernandez,23,Male,haroldjoseph@example.com,947-942-1230x9407,New Nicolebury,1286.99,3.4,Clothing,2024-06-29
232,Karen Ortiz,21,Female,burkeadam@example.net,698-730-2205x020,North Danielburgh,494.7,1.5,Home,2024-04-04
233,Lisa Holt,31,Male,tammycurry@example.com,3146556168,Taylorview,1661.34,3.2,Home,2024-12-21
234,Kelly Dominguez,31,Male,rodriguezjessica@example.net,917.994.6954x89952,Mortonbury,663.83,1.6,Home,2024-10-22
235,April Johnson,18,Female,mclaughlinjared@example.net,(760)255-8303x44144,Lake Mathewfurt,1718.23,1.6,Electronics,2025-12-28
236,Alyssa Thompson,52,Female,martha77@example.org,+1-727-227-8576x0849,New Gina,1599.04,1.4,Clothing,2025-01-28
237,Chase Pittman,26,Male,tonya82@example.net,+1-562-791-4504x617,Gallegosport,722.9,4.2,Home,2024-06-28
238,Carrie Brooks,38,Male,stricklandrobin@example.com,407.582.3578x45218,South Paulhaven,356.75,1.2,Accessories,2024-01-24
239,Timothy Mcdaniel,51,Male,cookpamela@example.org,340.694.3533x44857,East Joshua,1493.87,2.9,Footwear,2023-08-21
240,Kristin Garcia,50,Male,andrea42@example.net,993-221-4958x7020,South Brianchester,909.49,1.9,Home,2025-03-28
241,Kyle Watkins,20,Female,tjensen@example.com,981.679.2171,Ruizbury,921.5,4.9,Clothing,2024-03-08
242,Lisa Durham,48,Female,qwhite@example.com,477-301-7157x72459,Rothville,858.28,1.4,Accessories,2024-12-16
243,Andrea Turner,22,Male,amorales@example.org,+1-738-527-6153x966,Lake Elizabeth,651.0,1.6,Electronics,2026-01-05
244,Ashley Carlson,35,Female,angela72@example.com,(219)419-6570x1329,South Amanda,768.0,3.4,Footwear,2025-03-25
245,Jillian Harris,47,Female,kevin46@example.net,(219)209-8624x058,Danielport,207.37,3.8,Home,2023-09-15
246,Michael Long,64,Male,jennifer66@example.com,+1-832-472-3865,Whitneyberg,865.84,4.6,Accessories,2024-02-22
247,Matthew Thomas,39,Female,ibarrett@example.org,(867)996-9278,Kellyburgh,803.47,3.9,Footwear,2025-05-18
248,Laura Bradford,45,Female,jenniferadams@example.net,001-950-309-7519,Lake Jessica,1333.56,2.5,Electronics,2024-10-05
249,Blake Wu,61,Female,sanchezcrystal@example.net,+1-718-894-9058x07787,Susanport,143.6,4.3,Clothing,2024-10-20
250,Michael Harper,45,Male,jessica94@example.org,+1-379-629-0490x4712,Davidview,1491.73,2.5,Electronics,2024-09-28
251,Alexis Rodriguez,53,Male,reneestevenson@example.net,452.943.7280x512,Townsendbury,1177.07,3.2,Footwear,2026-05-20
252,Mark Clark,60,Male,brian41@example.org,(876)974-7836,Dustinchester,827.51,4.5,Accessories,2023-08-16
253,Robert Reyes,73,Male,suzanne01@example.net,+1-556-594-5441x4967,Ericaburgh,1937.11,3.4,Footwear,2024-11-26
254,Megan Decker,24,Male,jenkinsalicia@example.net,553.344.3009x109,North Melissaberg,317.91,2.9,Clothing,2025-03-04
255,Stephanie Knight,40,Female,pauladominguez@example.com,871-774-6542x1406,West Stephanieview,238.62,2.1,Electronics,2024-04-30
256,John Mcfarland,69,Female,fwhite@example.org,(286)339-1741,New Jessicamouth,1691.86,4.9,Home,2023-08-27
257,Brittany Bowman,57,Male,ortegajoseph@example.net,969-308-7766x18306,Mathewport,1221.9,3.6,Footwear,2025-04-11
258,Zachary Holland,19,Male,amanda51@example.com,001-943-528-0634x61571,North James,553.81,4.0,Footwear,2026-02-04
259,James Sparks,40,Male,victor70@example.org,205-406-1387x82931,Valdezfort,371.0,1.6,Accessories,2026-03-15
260,Michael Anderson,22,Male,cynthiaconway@example.org,592.891.1179x931,Lisafurt,1484.53,4.9,Clothing,2024-12-13
261,Michael Gardner,65,Male,mary30@example.net,(451)914-2625,New Billy,758.63,2.8,Electronics,2023-12-31
262,Lynn Bennett,41,Female,alexistucker@example.org,4216946723,Jenkinsburgh,1445.98,4.1,Home,2026-03-03
263,Linda Love,56,Male,burtonkimberly@example.com,(508)633-1819x58837,East Danielberg,1767.85,1.6,Home,2026-06-27
264,Susan Jimenez,21,Male,elizabethwilliams@example.net,(443)464-5970x108,South Zacharyland,551.48,3.6,Accessories,2024-07-28
265,Leslie Nguyen,56,Female,julievillanueva@example.org,001-215-831-3636x31797,East Sarah,834.23,1.9,Home,2025-07-04
266,James Ellis,25,Female,crystalcantrell@example.org,620-490-4217x76253,New Tara,865.53,2.1,Home,2024-07-19
267,Scott Burns,49,Female,brittanyhood@example.com,4632356939,Bairdton,100.38,2.6,Home,2025-07-29
268,Kathy Simmons,21,Male,zmendoza@example.net,477-731-8063,Johnland,416.8,4.8,Electronics,2023-08-22
269,Eric Warner,66,Female,braysteven@example.org,001-862-657-0165x804,Port Gail,586.0,1.5,Accessories,2026-03-18
270,Nancy Brown,65,Female,pamela16@example.com,590.355.2818x325,Mclaughlinshire,359.63,2.5,Electronics,2026-07-24
271,Patrick Perez,50,Female,rachael86@example.com,9156577881,Oliverland,153.43,4.4,Clothing,2024-05-16
272,Judith Miller,45,Male,keithfrye@example.org,(641)827-2380,South Michael,924.91,1.3,Footwear,2025-06-17
273,Alison Lopez,54,Female,wigginsjesse@example.net,+1-456-695-5798x8774,Port Jordan,1151.07,3.8,Accessories,2025-08-19
274,Dwayne Bruce,36,Male,michaelbryant@example.org,+1-428-942-2223x105,Mikeborough,816.01,4.9,Electronics,2025-12-18
275,Mary Spence,69,Female,nathanfernandez@example.org,+1-441-206-7275,Deborahport,1665.73,4.7,Clothing,2025-08-03
276,Tracy Webster,45,Male,laurenchandler@example.com,317-702-8140x69375,New Danielleshire,494.2,3.4,Home,2025-10-23
277,Timothy Ramirez,23,Female,millermelissa@example.net,+1-818-763-7599x80562,Watsonport,1742.34,4.0,Electronics,2025-01-14
278,William Sawyer,39,Male,lewispamela@example.net,(774)326-6299x12347,Davischester,161.99,3.5,Home,2026-04-16
279,Jennifer Peters,50,Male,jamescollier@example.com,+1-570-249-4787,East Josefort,1812.79,2.4,Electronics,2024-02-06
280,Stephanie Butler,33,Male,pknox@example.org,8146719597,Mccannville,301.42,1.8,Home,2025-02-27
281,Laura Bruce,27,Male,bonniethomas@example.com,001-325-520-4565x044,Port Cody,362.52,4.1,Accessories,2024-04-13
282,Shelia Serrano,47,Female,joseph51@example.net,001-852-702-8457,North Jeffery,1365.46,4.5,Home,2025-09-17
283,Colin Prince,38,Female,butlersabrina@example.org,(707)454-5279,Anthonyville,310.41,1.3,Accessories,2024-07-08
284,Michael Watts,58,Female,david21@example.com,001-211-907-6031x089,West Bradleyport,1594.7,3.4,Footwear,2026-05-31
285,Brent Martinez,50,Male,brianagonzalez@example.net,(301)324-9552x893,New Jayborough,627.71,2.8,Clothing,2024-10-08
286,Paul Smith,41,Female,glasssamantha@example.net,859.327.1256x6383,Davidville,162.69,4.5,Clothing,2025-10-13
287,Philip Bush,57,Female,millertristan@example.com,779-447-3864x6317,Lake Travisville,930.8,3.2,Clothing,2025-04-04
288,Matthew Miller,46,Male,ralphneal@example.org,001-621-653-5396x1367,Kellyfurt,649.84,2.9,Electronics,2025-08-19
289,Brittany Gibson,79,Male,kingtyler@example.net,(701)401-7026,Christyville,906.54,4.2,Footwear,2023-11-24
290,Kelly Vasquez,80,Male,qharris@example.com,784.885.8800x6167,Stevenston,1014.05,1.7,Electronics,2024-04-28
291,Shannon Turner,63,Female,travistaylor@example.net,(271)897-8897x7828,Troyfurt,1982.06,3.1,Home,2026-03-13
292,Pamela Mitchell,28,Female,johnsonbrandon@example.com,(590)556-1655x650,Lake Larry,751.98,2.1,Accessories,2023-12-07
293,Ana Torres,67,Female,geoffrey85@example.org,869.786.4079x056,Port Tracyborough,1361.01,1.2,Footwear,2024-12-31
294,Robert Contreras Jr.,22,Female,michael63@example.com,+1-318-734-4049x6391,Carloshaven,198.07,3.7,Footwear,2025-08-05
295,Gregory Jones,34,Male,william46@example.net,+1-453-266-4987,New Victor,673.39,3.3,Electronics,2026-05-20
296,Natalie Mcdonald,76,Female,umichael@example.net,8838572324,Michelleland,627.36,3.6,Accessories,2026-04-08
297,Jason Colon,26,Male,jonathanburke@example.com,812.830.3477,East Erikberg,626.07,2.5,Footwear,2023-09-12
298,Robert Hopkins,70,Male,dawnwilliams@example.net,500.315.9416x5162,New Elizabethshire,1343.53,4.3,Home,2025-10-21
299,Stephen Young,23,Female,mejialawrence@example.net,001-263-963-2123x4764,Hollyville,1021.89,1.1,Footwear,2024-12-01
300,Karen Sanchez,29,Male,natasha25@example.com,001-754-309-0034x864,Port Scott,690.05,4.1,Electronics,2023-08-10
301,Jenna Spence,32,Male,kevin34@example.org,(875)760-4177,Mcdowellville,318.34,2.2,Clothing,2024-04-03
302,Katie Bell,50,Male,shawn00@example.net,+1-527-420-6345x9112,Sparksmouth,1327.24,4.5,Home,2025-06-29
303,Nicholas Green,26,Female,lauren31@example.com,(926)569-3008x931,Jacquelineburgh,316.96,1.7,Home,2023-10-14
304,Jeffrey Green,69,Male,rubiogeorge@example.net,508-667-7133,Juliefurt,1445.15,1.2,Footwear,2024-02-16
305,Daniel Lewis,61,Male,jessica36@example.org,(920)444-3973x59710,Terrifurt,1939.48,3.4,Accessories,2026-06-29
306,James Henderson,32,Male,charles80@example.org,737-459-9004x89646,New Harryburgh,625.84,4.2,Accessories,2025-09-18
307,Gerald Mcdonald Jr.,75,Male,hthomas@example.com,6277456449,Staffordmouth,742.0,4.8,Accessories,2025-08-30
308,Brittany Farrell,47,Female,jbrown@example.org,920.274.2761,Kellyside,1558.47,3.0,Accessories,2025-08-20
309,Brian Cortez,79,Male,daviddavis@example.com,(428)849-9390,East Kaylaville,1635.61,4.2,Electronics,2024-12-20
310,Michael Becker,73,Female,gbrooks@example.com,(701)277-7490,Nguyenshire,113.84,2.9,Footwear,2024-02-14
311,Anthony Schneider,53,Male,lauren18@example.net,(616)442-3610x3266,West Travischester,1425.69,3.1,Clothing,2024-11-21
312,Lindsey Howard,36,Male,collierwilliam@example.com,867.849.9616x592,North Williammouth,1528.6,2.1,Home,2026-06-13
313,Michael Moore,27,Female,prose@example.net,647-561-7422,Phillipston,192.51,4.6,Accessories,2025-11-30
314,Andrew Rodriguez,74,Female,dgutierrez@example.net,001-894-254-9180x1722,South Nancyport,1861.64,2.7,Accessories,2024-11-27
315,Jordan Santiago,50,Female,matthew23@example.org,394-216-8006,Lake Thomas,479.2,5.0,Footwear,2026-07-07
316,Matthew Garner,32,Male,nturner@example.com,001-564-912-2031x030,Lake John,644.18,1.4,Footwear,2026-03-27
317,Kimberly Miller,68,Male,bhernandez@example.org,522-577-7079,Ashleyfurt,283.82,2.1,Accessories,2023-10-16
318,Brian Abbott,62,Male,fpetty@example.net,001-998-540-7678,New Andrewshire,1520.09,2.9,Home,2024-11-30
319,Debra Wong,18,Male,nwilson@example.net,(576)702-4375x738,Andersonport,47.82,1.9,Electronics,2025-03-26
320,Sandra Nunez,53,Female,laura29@example.org,517-522-3297x1674,North Michaelview,231.26,2.2,Footwear,2025-02-02
321,Carrie Villarreal,25,Male,romanmatthew@example.org,+1-431-383-7455x084,South Laurenville,484.49,3.6,Home,2024-01-09
322,Lisa Garrison,47,Male,colonbobby@example.org,(313)452-4787,Matthewberg,230.61,4.6,Home,2024-02-05
323,Jessica Perry,52,Male,sanchezlisa@example.com,482-814-5653x2863,Hardinmouth,1267.59,3.3,Electronics,2025-10-07
324,Heidi Johnson,36,Female,kaylarobbins@example.net,215-456-2606,Lake Tinahaven,13.11,2.4,Home,2024-10-30
325,Stephen Haynes,44,Male,jennifer55@example.org,889-526-7389x975,Christopherside,1332.1,1.3,Footwear,2024-12-29
326,Nathan Hobbs,22,Male,jason88@example.com,752.600.8943x46810,Davidville,787.0,2.9,Accessories,2025-06-25
327,Norman Chavez,80,Female,lindazhang@example.net,001-389-735-4492x683,Port Kimberly,514.76,1.1,Clothing,2025-07-03
328,Michael Poole,40,Male,davisroger@example.org,937.815.8698x8649,Barkerfort,1468.55,3.5,Home,2025-05-06
329,Brianna Martinez,65,Female,tanderson@example.net,713.677.0285x19611,New Ericstad,275.49,2.4,Footwear,2024-11-13
330,Elizabeth Tucker PhD,70,Male,kristenfisher@example.com,632-970-1851x0679,Kimberlyfort,1662.46,3.7,Accessories,2026-02-23
331,Charles Fields,58,Male,jcontreras@example.net,419-296-6365x80741,Annville,1624.88,1.3,Accessories,2026-04-24
332,Cheryl Montgomery,20,Female,bernardaimee@example.com,701.882.0433x97189,South Michelletown,411.17,4.2,Clothing,2025-01-07
333,Jason Heath,38,Female,patrick11@example.org,+1-824-422-4124,New Susanburgh,1035.61,5.0,Home,2023-09-09
334,Elizabeth Garcia,48,Female,robertnguyen@example.com,803-339-9378,Brucemouth,82.88,3.6,Footwear,2025-12-04
335,John Russell,40,Male,robinsmith@example.net,001-313-582-4967,West Amber,1732.94,2.3,Clothing,2024-04-15
336,Kimberly Henderson,69,Female,dwilliams@example.net,620-207-4946x5398,Lake Amanda,879.53,2.6,Accessories,2023-11-14
337,James Martinez,75,Female,jessicalutz@example.com,798.755.4743,South Susan,684.68,1.7,Accessories,2024-12-20
338,Michael Lucas,41,Female,lynchadam@example.org,+1-826-787-6811x80715,Thompsontown,1604.28,3.9,Clothing,2024-02-07
339,Timothy Wallace,45,Male,juliachang@example.net,001-953-519-4337x504,East Traceyfurt,1095.49,2.3,Clothing,2024-01-17
340,Laura Snyder,38,Female,donnaknight@example.net,+1-692-519-2124x938,Lake Ericaview,619.93,3.4,Accessories,2026-06-20
341,Jordan Pace,28,Female,nashmarcus@example.com,918-777-5803x046,South Jamesland,709.58,1.2,Footwear,2026-01-02
342,Wanda Perez,57,Female,prosario@example.org,(754)611-0760,North Thomas,556.37,4.9,Clothing,2025-01-08
343,Samantha Stone,22,Female,sherryparsons@example.net,217.991.1006x512,West Cherylchester,732.99,4.2,Electronics,2023-11-08
344,Anthony Williams,78,Male,nmorales@example.com,399.707.6769,South Zacharyshire,294.13,3.4,Accessories,2024-05-23
345,Adam Reeves,20,Male,rebeccamartinez@example.net,656-879-7232x002,Larryside,143.79,4.1,Footwear,2024-03-11
346,Eric Cooper,41,Female,tara89@example.net,+1-520-938-8065x33315,Greenemouth,1899.44,1.1,Electronics,2026-01-12
347,Gabriela Evans,61,Female,francis70@example.com,703.837.9337,South Jack,1898.16,2.5,Clothing,2023-08-08
348,Benjamin Johnson,54,Male,thomasscott@example.net,001-650-403-3423,Melaniebury,1063.63,2.6,Footwear,2024-05-01
349,Christopher Green,33,Male,smitherica@example.com,+1-315-334-7355x2896,East Laura,61.57,1.7,Home,2024-05-21
350,Melissa Stewart,42,Male,prowland@example.org,001-999-538-4253x04289,Port Thomasland,530.94,2.0,Accessories,2024-04-14
351,Nicole Newman,31,Female,victor72@example.com,001-558-577-7496x903,Royfurt,1391.02,5.0,Electronics,2024-07-02
352,Stephen Duncan,25,Male,jonathan12@example.org,978-853-9078x9567,Richardsonfort,1707.12,2.8,Accessories,2024-12-02
353,Alexander Alexander,23,Female,deanna51@example.com,588.714.3111x50835,Kevinview,1339.0,3.8,Home,2024-05-20
354,Yolanda Murillo,52,Female,alan44@example.com,(969)907-8263x3373,Latoyamouth,1783.75,4.4,Electronics,2024-05-15
355,Tom Butler,68,Female,jcole@example.org,(829)624-0755x366,Brendashire,1022.42,1.5,Electronics,2023-09-17
356,Brittany Cisneros,68,Male,ashley99@example.net,(663)361-8637x1597,North Emily,481.11,3.0,Footwear,2024-04-29
357,Michael Burns,53,Female,jamespruitt@example.com,833-848-1705x8025,North David,940.14,4.9,Electronics,2025-05-08
358,Benjamin Friedman,57,Male,davidharris@example.com,001-272-499-4938x743,Brownfurt,140.84,2.6,Accessories,2026-02-22
359,Kelly Kent,51,Female,kstevens@example.org,001-814-975-4692x6329,Bartlettburgh,1540.64,4.3,Clothing,2026-07-18
360,Jennifer Bautista,26,Female,nicolemoore@example.net,+1-341-337-6815,Robertburgh,1288.25,2.8,Home,2024-08-24
361,Andrew Johnson,40,Male,vjames@example.com,960.904.1257,North Amybury,1757.14,4.1,Home,2025-06-07
362,Robert Skinner,29,Male,marylawson@example.org,218-562-1042x7523,Hortonhaven,870.91,4.6,Clothing,2026-04-19
363,Mary Garcia,71,Male,scott90@example.org,001-363-535-3310x60053,Port Maryburgh,1041.02,2.2,Electronics,2024-04-13
364,Jose Ochoa,38,Male,anna39@example.org,+1-466-213-3155,Valdeztown,698.59,4.8,Footwear,2025-03-24
365,Daniel Barrett,72,Male,debra50@example.org,664.397.1892,Tinafurt,508.7,3.5,Home,2026-06-16
366,Patricia Anderson,35,Male,cynthiahenson@example.com,+1-571-250-9976x83890,West Joelchester,1253.79,3.5,Clothing,2024-08-10
367,Amy Brooks,50,Male,james63@example.net,8396752450,East Melaniemouth,1187.7,3.3,Electronics,2025-01-11
368,Joshua Knox,60,Female,lauriehorton@example.org,+1-468-552-7017x130,North Glenn,1686.63,3.3,Clothing,2025-11-27
369,Tara Young,23,Male,simmonsstuart@example.org,001-933-362-9344x9734,Raymondburgh,1897.61,4.1,Footwear,2025-07-29
370,Jonathan Moss,59,Male,lorileon@example.org,001-966-614-9828x24674,Hartfort,1536.25,2.7,Clothing,2023-11-17
371,Miguel Gonzalez,49,Female,adamhensley@example.net,001-257-366-6567x4916,Frederickburgh,1287.4,2.2,Electronics,2024-05-25
372,Tina Wise,69,Female,william75@example.net,4666337050,Blackburnberg,601.89,1.3,Clothing,2024-08-27
373,Kenneth Bates,28,Female,alexanderwise@example.net,001-866-691-8362x644,Goodwinland,837.09,2.9,Footwear,2024-01-14
374,Paula Cooper,56,Male,josephclark@example.net,(440)427-0116x8646,Jacobberg,632.04,3.9,Footwear,2024-05-31
375,Mr. Brian Bradley,80,Female,jacobbrown@example.org,001-334-767-9121x41614,New Jimmyfort,270.22,2.5,Home,2026-06-08
376,Alexandra Adams,24,Female,ortegakristina@example.org,938-706-9847,Rogersmouth,491.06,1.5,Accessories,2024-11-29
377,Teresa Ortega,33,Male,wbishop@example.com,607-562-0918,Shannonfort,202.66,2.2,Accessories,2025-10-05
378,Cole Andersen,73,Female,allen50@example.net,573-497-6915x67164,East Tylerland,504.06,4.5,Electronics,2024-11-08
379,Whitney Archer,70,Female,cjackson@example.org,683.533.2116x0256,Elizabethville,1868.17,3.9,Electronics,2026-05-27
380,Joseph Swanson,66,Male,popemarvin@example.org,001-591-656-6863,West Christopherland,1001.55,3.1,Accessories,2025-01-07
381,Teresa Garner,74,Female,berrydavid@example.com,(590)340-9836x6552,Smithmouth,999.77,1.4,Accessories,2024-11-30
382,Tommy Hood,50,Female,jfrazier@example.net,620-895-4814x9737,Port Masonborough,1933.71,1.9,Footwear,2024-07-12
383,Amy Grimes,21,Male,melissaluna@example.com,+1-620-586-5675x66184,Davismouth,569.9,3.4,Accessories,2026-01-15
384,Amy Michael,36,Male,stephen29@example.org,874.823.3305x912,North Cody,1695.87,2.7,Footwear,2025-08-03
385,Anthony Baird,64,Female,brittney26@example.org,3139674926,Hillmouth,1530.07,2.5,Accessories,2025-02-18
386,Bruce Martinez,21,Male,andrewberry@example.net,341.492.6764x9215,Hesstown,731.42,2.2,Accessories,2025-03-31
387,Kimberly Burnett,50,Female,lbrown@example.net,001-213-412-9208x751,Lake Evan,1531.16,2.1,Home,2025-12-18
388,Paul Miller,61,Male,huntermichael@example.net,(960)434-0848,Nealhaven,266.04,1.4,Footwear,2025-01-25
389,Kayla Watts,68,Female,youngjacob@example.com,829.383.9542,Jorgeburgh,1120.09,2.5,Electronics,2025-04-10
390,Tony Rhodes,30,Female,amandajones@example.net,235-598-9262x566,West Davidville,1005.16,1.2,Electronics,2026-06-25
391,Andrea Bowman,63,Female,regina42@example.org,901-363-6112x849,Jackieport,1609.89,3.1,Electronics,2025-12-01
392,Brett Williams,56,Male,stacey62@example.com,001-488-896-7924x0822,Brianstad,662.65,3.5,Electronics,2024-08-18
393,Jennifer Ellis,43,Female,zandersen@example.com,544.368.3414x65111,New Brian,1191.51,3.0,Home,2024-10-15
394,Katherine Baxter,52,Female,urhodes@example.org,578.281.6093x0685,Oconnellhaven,1420.39,2.2,Clothing,2024-07-12
395,Jacob Anderson,41,Female,stephanie67@example.com,(951)653-8144,Jasonshire,1350.87,4.9,Home,2025-03-31
396,Eric Fitzpatrick,37,Male,wallspatricia@example.com,2507975451,South Michael,1197.85,2.1,Home,2024-01-02
397,Craig Rice,54,Male,robertgentry@example.org,(443)676-5456,South Dianamouth,1445.59,3.3,Electronics,2024-04-05
398,Paul Smith,51,Female,danielmitchell@example.org,(465)702-3741x6787,Shawfurt,304.07,3.7,Clothing,2024-02-18
399,Brian Smith,54,Male,mauricesmith@example.net,605.969.0674,Port Royberg,389.66,2.8,Accessories,2025-09-30
400,Douglas Wilson,27,Female,virginia36@example.org,618.592.3923x1260,South Andres,1384.1,2.6,Home,2024-06-03
401,Anthony Russell,76,Female,isabel33@example.com,(770)286-0414x54563,North Aaron,1746.91,3.9,Clothing,2026-05-19
402,Christy Kennedy,63,Male,jordanjohnny@example.com,(754)511-0825x559,Jasonfurt,1042.18,3.2,Accessories,2023-12-11
403,Bianca Newton,51,Female,williamstanya@example.net,937.511.8954,North David,634.37,1.7,Home,2025-05-08
404,Dawn Wiley,39,Female,patricia71@example.com,476-688-0294,New Bruceborough,1354.98,4.5,Footwear,2025-04-06
405,Joseph Palmer Jr.,57,Female,ychristensen@example.net,001-966-694-3202x93908,Melissaport,392.61,2.0,Home,2024-09-18
406,Carolyn Williams,37,Male,kellybowman@example.com,(740)733-8105,Lake Nicoleview,1883.56,4.9,Footwear,2024-02-21
407,Logan Nguyen,63,Male,garrettalex@example.com,642.540.8916,Walkerview,1383.58,3.0,Accessories,2024-06-09
408,Rhonda Mullins,40,Female,seanblair@example.com,(427)617-2722x397,West Frankburgh,582.7,3.3,Home,2025-04-01
409,Chelsea Thomas,42,Female,psanchez@example.com,382-209-1660,East Johnland,1638.57,4.8,Electronics,2024-09-16
410,Mark Smith,36,Male,rosariodaniel@example.net,613-327-9724x57230,Port Bradleyside,582.38,3.9,Footwear,2024-10-31
411,Stephen Perry,77,Female,barrandrew@example.com,(725)343-6172x1314,Davidland,1315.38,4.0,Electronics,2023-10-04
412,Cassandra Moreno,30,Female,erinhernandez@example.net,+1-749-445-1475x41022,Griffinfort,1866.72,3.8,Electronics,2023-11-10
413,Jeffrey Acosta,24,Male,christophercooley@example.org,001-965-957-6769x52366,South Christopher,492.49,3.7,Home,2025-05-14
414,Paula Shepherd,32,Male,jacquelineyoung@example.org,705.487.2105,Stevenside,114.46,2.7,Accessories,2025-05-13
415,Ronald Brown,24,Male,daviddominguez@example.org,(706)450-1917x9202,East Chrisshire,20.31,3.2,Electronics,2025-05-06
416,Clarence Manning,44,Female,theodore57@example.net,001-804-812-0092x820,Spencerview,960.12,1.8,Footwear,2026-01-02
417,Michelle Henderson,38,Female,josephdavis@example.com,(336)990-3628,Edwardsfurt,1295.34,4.6,Clothing,2025-03-11
418,Robert Lucas,59,Male,josephgarcia@example.com,+1-650-534-2811x390,Lake Sarah,1074.95,3.9,Clothing,2024-08-05
419,William Cunningham,76,Male,uwilliams@example.org,805-346-8356x5215,North Brenda,841.59,4.4,Clothing,2025-03-13
420,Sean Johnson,71,Female,edwardford@example.net,733-922-8898,West Kelly,1578.04,1.7,Footwear,2026-03-23
421,Jessica Macdonald,74,Male,nallen@example.net,329-971-0248,South Leeport,28.44,3.3,Clothing,2024-04-04
422,Kenneth Gomez,77,Female,whitekelsey@example.com,447.921.9705x4669,Williammouth,576.28,5.0,Home,2025-02-28
423,Jason Cole,51,Female,oliverdawn@example.net,880.321.4629,South Morgan,1779.63,1.5,Home,2026-06-02
424,John Day,47,Female,lrodriguez@example.net,966-536-5155,Wilsonmouth,393.69,1.5,Electronics,2023-09-26
425,Tiffany Thomas,64,Female,lukejohnson@example.net,001-360-456-7303x06442,West Richardport,1300.09,3.9,Clothing,2025-06-29
426,Kelly Caldwell,65,Female,jack01@example.com,242-535-6778x26596,Lake Elizabethberg,1583.63,3.3,Electronics,2024-12-12
427,Samantha Navarro,29,Female,alexis72@example.com,816-448-0727x91033,Robinsonborough,1655.71,3.1,Clothing,2024-05-20
428,Laura Smith,43,Male,allen48@example.org,001-477-966-5586x851,Brooksside,377.71,1.6,Footwear,2026-02-07
429,Jeffrey Mitchell,77,Male,swalters@example.net,311-910-9617,Lake Kellychester,23.59,2.5,Accessories,2024-06-22
430,Jesse James,66,Female,melissasampson@example.com,566.205.3844x446,Johnsontown,1908.53,2.2,Home,2024-03-23
431,Sara Stone,18,Female,matthew96@example.org,+1-863-496-0962,Stronghaven,1310.83,3.8,Clothing,2024-03-31
432,Brett Owen,60,Male,welchkristen@example.net,282-353-1106x092,Johnsonberg,936.14,1.6,Home,2025-07-02
433,Paula Lopez,77,Female,kennethnichols@example.org,001-364-304-1209x1179,West Jose,1383.68,3.6,Footwear,2024-05-04
434,Johnny Ward,41,Male,peterhenry@example.org,(217)313-6657x22402,Victoriafort,446.07,1.5,Electronics,2026-03-08
435,Abigail Boyd,47,Female,sara39@example.org,+1-208-782-3513,East Christopher,837.53,3.2,Accessories,2026-07-07
436,Debra Olson,66,Male,baileyandrea@example.com,676.486.3423x461,Lake Tony,1526.1,3.7,Home,2025-06-21
437,Paul Cabrera,73,Male,lawsonruben@example.net,(751)872-0849x649,North Hectormouth,1055.76,3.1,Footwear,2025-05-26
438,Heather Jones,22,Male,nathan51@example.org,505-337-9538x16493,Jenniferland,132.9,3.2,Home,2026-01-05
439,Jennifer Avila,30,Male,lisa33@example.org,570.246.1172x9596,Andrewshire,337.43,4.4,Accessories,2023-08-05
440,Diane Skinner,25,Male,ijohnson@example.net,7507171644,Millermouth,1436.67,3.0,Home,2025-09-03
441,Jennifer Horton,46,Male,psnyder@example.org,(491)303-0021x563,Lake Rachel,912.33,3.1,Accessories,2025-02-21
442,Kimberly Smith,54,Male,greenkristen@example.org,4419459642,East Luisberg,1122.01,3.7,Footwear,2026-01-21
443,Tracy Gutierrez,64,Male,hbarnett@example.net,697.674.5731,West Angelicabury,797.94,4.3,Electronics,2026-05-18
444,Savannah Neal,55,Male,bonillabrian@example.org,+1-937-463-7153x98854,East Jefferystad,100.13,2.4,Clothing,2025-03-18
445,Shawna Palmer,52,Male,rlopez@example.com,(249)912-7113,West Anthony,1869.82,1.3,Accessories,2026-05-22
446,Heather Wilson,20,Female,gomezjason@example.com,568.850.7451x06634,New Joshua,823.65,4.1,Accessories,2026-02-26
447,Jeffrey Maldonado DDS,41,Female,robinsonbrian@example.org,001-843-818-1439,Garciaview,902.59,4.7,Accessories,2025-09-05
448,Richard Bailey,42,Male,janice40@example.org,(489)474-3251,Rachelberg,1368.63,3.6,Home,2023-08-17
449,Jessica Smith,26,Female,nicole20@example.net,(579)407-3710x094,Port Clifford,246.08,5.0,Accessories,2024-11-13
450,Gabriela Henry,51,Male,veronica47@example.com,(270)454-5897x148,Chaseberg,1458.44,1.9,Clothing,2025-02-02
451,Mr. Patrick Mcpherson MD,66,Male,leestephanie@example.net,848-878-2455,Kyleton,1957.2,2.9,Home,2026-01-14
452,Gwendolyn Salazar,45,Female,kpope@example.com,910-672-7284x9824,Port Kennethmouth,1648.49,2.0,Footwear,2023-09-30
453,Roger Martinez,27,Female,btorres@example.com,+1-800-342-5488x21423,Jefferyfort,385.08,4.5,Clothing,2025-01-29
454,Michael Hughes,20,Female,grasmussen@example.com,594-629-6592x3426,Christophershire,1233.7,4.7,Clothing,2026-03-31
455,Clifford Patton,33,Male,hdavis@example.com,001-258-857-5676x670,Port Donaldport,143.91,3.4,Accessories,2024-08-08
456,Jacqueline Oliver,56,Male,brian62@example.com,+1-907-787-0104x15914,North Joyhaven,497.02,1.2,Accessories,2023-10-19
457,Kelli Hart,32,Male,rtaylor@example.net,(244)407-9311,New Collinborough,1511.23,4.1,Electronics,2024-01-05
458,Ross Wallace,50,Female,howekevin@example.com,(438)249-7916,East Lori,475.98,4.7,Home,2026-05-15
459,Jorge Lyons,38,Female,thomasroberts@example.net,897-854-6617,North Justin,481.44,4.5,Home,2024-01-31
460,Alexandra Turner,32,Female,wwilliams@example.org,374.402.5883x586,West Diana,608.0,1.2,Home,2025-12-19
461,Mike Buchanan,74,Male,kristen46@example.org,+1-776-879-2988x4259,North Anthonyburgh,1255.73,2.7,Accessories,2024-07-22
462,Brian Villa,21,Female,omorris@example.net,312.266.1094,South Kathryntown,1883.76,3.7,Home,2024-04-24
463,Michael Gray,38,Female,jameshenry@example.net,433-226-8319x0130,Kimshire,822.44,2.2,Electronics,2025-11-24
464,Gina Fleming,66,Female,nlee@example.net,385.459.8217x6619,Craigfort,489.53,1.9,Electronics,2024-07-21
465,Joshua Johnson,69,Female,sandra46@example.net,(812)241-8938x984,New Thomasview,1830.33,3.2,Accessories,2026-05-08
466,George Green,53,Male,pamela02@example.org,+1-750-337-1990,Georgeland,782.95,2.0,Footwear,2025-12-01
467,Carl Cummings,59,Male,johnsonwilliam@example.net,(267)943-0003x896,South Katieberg,1845.23,4.4,Clothing,2025-05-26
468,Kirsten Wilson,52,Male,princetoni@example.com,(235)260-3319x036,Port Brian,112.56,2.5,Home,2023-10-25
469,Christopher Williams,56,Male,carrie34@example.org,+1-967-611-1483x753,Kimberlyport,1748.5,1.8,Home,2026-05-09
470,Steven Flores,64,Male,brownrachel@example.net,+1-774-413-2834x831,East Hollymouth,963.99,4.5,Footwear,2024-01-22
471,Russell Nelson,37,Male,fevans@example.org,496-870-6670x336,Lake Kevinside,431.5,1.8,Clothing,2025-01-19
472,Susan Webster,65,Female,sandra49@example.org,001-605-496-6018x64876,Mcdonaldbury,1829.74,3.8,Electronics,2024-02-18
473,Diana Fleming,43,Male,christopher38@example.com,796-609-4544x90149,South Steven,1108.64,4.1,Accessories,2025-06-11
474,Andrew Howard,47,Female,rickyriley@example.org,598-451-7244x472,Port Christine,623.76,2.4,Accessories,2023-10-14
475,Matthew Lopez,47,Male,criley@example.net,001-330-344-0580x935,Wilsonland,1607.61,3.9,Footwear,2024-07-31
476,Kelly Calderon,76,Male,bjones@example.com,(605)295-5657,West Bradley,747.7,2.7,Home,2024-03-18
477,Allison Lynch,73,Male,william89@example.net,(836)390-2611x398,New Thomashaven,1485.09,1.1,Home,2025-10-14
478,Derrick Huff,77,Female,rhonda53@example.com,775.313.7651,Denisebury,597.43,1.8,Electronics,2025-06-25
479,Crystal Carey,42,Male,sarasanchez@example.com,+1-992-594-4551x16682,South Alexis,1003.61,3.6,Footwear,2024-02-01
480,Ralph Dawson,34,Female,inewton@example.org,(602)312-8866x52683,Phyllismouth,1933.35,3.6,Accessories,2026-02-01
481,Ashley Bowen,47,Male,rodgersmichael@example.com,(776)947-2298x12099,Floresburgh,1468.22,2.4,Electronics,2025-09-26
482,Diana Mejia,64,Female,kennethpeterson@example.net,689.786.4565x22036,West Justinville,376.26,4.6,Clothing,2024-10-18
483,Jeffrey Mcclure,51,Male,sheila49@example.org,242.513.8820,South Marissatown,1679.75,1.3,Clothing,2025-02-22
484,Tom Duncan,66,Male,dmeyer@example.com,317-767-4124,Lake Lauraland,830.66,4.4,Electronics,2024-12-18
485,George Chavez,22,Male,mannleroy@example.org,(618)953-8003x29633,South Lisa,28.19,3.0,Footwear,2025-09-07
486,Craig Liu,21,Female,aaronjones@example.net,+1-432-606-4969x357,West Elizabeth,1321.98,1.1,Home,2025-08-28
487,Jenna Howard,53,Female,ophillips@example.org,001-446-975-3612x75156,Burkebury,33.58,3.1,Footwear,2023-09-11
488,Jordan Wu,52,Female,xbrown@example.com,756-267-6640x473,Sethbury,44.11,4.3,Accessories,2026-01-03
489,Kimberly Chan,69,Male,gouldchristina@example.com,(398)200-6155,West Amanda,222.96,1.4,Electronics,2024-03-28
490,Jennifer Robbins,33,Male,laurie55@example.com,883.900.0818,East Justintown,1243.36,2.0,Footwear,2024-07-20
491,Melissa Johnson,35,Female,hessnicholas@example.com,(441)311-8600,Leeport,167.25,4.8,Accessories,2024-12-12
492,Patrick Turner,54,Male,qharris@example.net,001-676-946-1368,Rebeccaside,1980.56,1.9,Clothing,2025-09-22
493,Alan Crawford,59,Male,wbean@example.net,001-317-639-0637x579,Douglasland,196.07,2.5,Home,2023-12-24
494,Christine Mcmahon,48,Male,christopherpowell@example.com,893.207.4645x20599,Hannahside,1277.13,3.8,Clothing,2025-08-26
495,Emily Pearson,49,Female,steven78@example.net,001-911-361-6202x8123,South Tylerhaven,1293.37,2.3,Clothing,2025-08-23
496,Shane Barnes,75,Male,phillipsryan@example.com,001-748-659-5922x4839,Fordmouth,467.24,4.6,Home,2024-02-24
497,Mike Wells,48,Female,robert27@example.org,2439318751,North Michael,102.66,1.3,Footwear,2025-12-13
498,Haley Smith,75,Male,joshuahoover@example.com,001-345-496-4883,Lake Javierburgh,366.92,4.4,Clothing,2024-09-09
499,Beth Boyd,79,Male,xrivera@example.net,+1-449-473-2033x192,Baxtermouth,1178.2,4.0,Accessories,2023-11-26
500,Amy Hunt,77,Male,ecoleman@example.com,381-538-6667x5485,Lake Martha,605.56,3.3,Home,2024-03-06
1,Allison Hill,58,Male,donaldgarcia@example.net,+1-219-560-0133,Robinsonshire,59.77,2.1,Electronics,2024-10-03
